0|0|ETF|EMPTY
1|0|Kalemegdan|EMPTY
2|0|Hram Svetog Save|EMPTY
3|1|Centar|EMPTY
4|1|Petrovaradin|EMPTY
5|2|Klisa|EMPTY
6|2|Centar|EMPTY
7|2|FTN|EMPTY
0|8|wdw|EMPTY
0|8|wdw|EMPTY
0|8|d|EMPTY
0|8|r|EMPTY
8|10|rte|PASSED
9|10|gge|EMPTY
10|10|AHAHAHHA|EMPTY
11|3|majmun|EMPTY
12|3|Donkey|EMPTY
13|5|A|EMPTY
14|5|B|EMPTY
15|5|A|EMPTY
16|5|B|EMPTY
17|3|keypoint1|EMPTY
18|3|keypoint1|EMPTY
19|3|keypoint1|EMPTY
20|3|keypoint1|EMPTY
21|3|KeyPoint1|EMPTY
22|3|KeyPoint1|EMPTY
23|4|K1|EMPTY
24|5|VA|EMPTY
25|5|VB|EMPTY
26|6|BABABUI|EMPTY
27|6|DINGLBONGL|EMPTY
28|7|KULA|EMPTY
29|7|TORANJ|EMPTY
30|7|DVORAC|EMPTY
31|8|X|EMPTY
32|8|Y|EMPTY
33|8|Z|EMPTY
34|9|A|EMPTY
35|9|B|EMPTY
36|10|fFf|EMPTY
37|10|gGg|EMPTY
38|11|AA|EMPTY
39|11|BB|EMPTY
40|11|CC|EMPTY
41|12|H|EMPTY
42|12|HHHHH|EMPTY
43|13|AAA|EMPTY
44|13|BBB|EMPTY
45|13|CCC|EMPTY
46|14|AA|EMPTY
47|14|BB|EMPTY
48|14|CC|EMPTY
49|15|A|EMPTY
50|15|B|EMPTY
51|15|C|EMPTY
52|16|START|EMPTY
53|16|A|EMPTY
54|16|B|EMPTY
55|16|C|EMPTY
56|17|KP1|EMPTY
57|17|KP2|EMPTY
58|17|KP3|EMPTY
59|18|KP1|EMPTY
60|18|KP2|EMPTY
61|18|KP3|EMPTY
62|19|a|EMPTY
63|19|b|EMPTY
64|20|A|EMPTY
65|20|B|EMPTY
66|21|B|EMPTY
67|21|B|EMPTY
68|21|1|EMPTY
69|21|2|EMPTY
70|22|A|EMPTY
71|22|B|EMPTY
72|23|test|EMPTY
73|23|test2|EMPTY
74|24|A|EMPTY
75|24|B|EMPTY
76|24|C|EMPTY
77|24|D|EMPTY
78|25|A|EMPTY
79|25|B|EMPTY
80|25|C|EMPTY
81|25|D|EMPTY
82|26|R|EMPTY
83|26|T|EMPTY
84|27|A1|EMPTY
85|27|B1|EMPTY
86|27|C1|EMPTY
87|28|A2|EMPTY
88|28|B2|EMPTY
89|28|C2|EMPTY
90|29|FF|EMPTY
91|29|HH|EMPTY
92|30|A|PASSED
93|30|B|EMPTY
94|30|C|EMPTY
95|31|A|EMPTY
96|31|B|EMPTY
97|32|A|EMPTY
98|32|B|EMPTY
99|33|A|EMPTY
100|33|B|EMPTY
101|33|C|EMPTY
102|34|D|EMPTY
103|34|F|EMPTY
104|35|f|EMPTY
105|35|d|EMPTY
106|36|NIS1|EMPTY
107|36|NIS2|EMPTY
108|36|NIS3|EMPTY
109|37|S1|EMPTY
110|37|S2|EMPTY
111|38|F1|EMPTY
112|38|F2|EMPTY
113|39|G1|EMPTY
114|39|G2|EMPTY
115|40|A|EMPTY
116|40|B|EMPTY
117|40|C|EMPTY
118|41|a|EMPTY
119|41|b|EMPTY
120|42|A|EMPTY
121|42|B|EMPTY
122|42|C|EMPTY
123|43|A|EMPTY
124|43|B|EMPTY
125|43|C|EMPTY
126|44|A|EMPTY
127|44|B|EMPTY
128|44|C|EMPTY
129|45|A|EMPTY
130|45|C|EMPTY
131|46|A|EMPTY
132|46|B|EMPTY
133|46|C|EMPTY
134|47|A|EMPTY
135|47|B|EMPTY
136|47|C|EMPTY
137|48|B|EMPTY
138|48|C|EMPTY
139|42|A|EMPTY
140|42|B|EMPTY
141|42|C|EMPTY
142|42|A|EMPTY
143|42|B|EMPTY
144|42|C|EMPTY
145|43|A|EMPTY
146|43|B|EMPTY
147|43|C|EMPTY
148|44|A|EMPTY
149|44|B|EMPTY
150|44|C|EMPTY
151|45|A|EMPTY
152|45|B|EMPTY
153|45|C|EMPTY
154|46|A|EMPTY
155|46|B|EMPTY
156|46|C|EMPTY
157|47|d|EMPTY
158|47|f|EMPTY
159|48|F|EMPTY
160|48|F2|EMPTY
161|49|Mato1|EMPTY
162|49|Mato2|EMPTY
