1|5|The tour you always wanted was made. View the offer in newly created tours.|True|
2|5|The tour you always wanted was made. View the offer in newly created tours.|True|
3|5|The tour you always wanted was made. View the offer in newly created tours.|True|
4|5|The tour you always wanted was made. View the offer in newly created tours.|True|
5|5|The tour you always wanted was made. View the offer in newly created tours.|True|
6|5|The tour you always wanted was made. View the offer in newly created tours.|True|
7|5|The tour you always wanted was made. View the offer in newly created tours.|True|
8|5|The tour you always wanted was made. View the offer in newly created tours.|True|
9|5|The tour you always wanted was made. View the offer in newly created tours.|True|
10|5|The tour you always wanted was made. View the offer in newly created tours.|True|
11|5|The tour you always wanted was made. View the offer in newly created tours.|True|
12|5|The tour you always wanted was made. View the offer in newly created tours.|True|
13|5|The tour you always wanted was made. View the offer in newly created tours.|True|
14|5|The tour you always wanted was made. View the offer in newly created tours.|True|
15|5|The tour you always wanted was made. View the offer in newly created tours.|True|
16|5|The tour you always wanted was made. View the offer in newly created tours.|True|
17|5|The tour you always wanted was made. View the offer in newly created tours.|True|
18|5|The tour you always wanted was made. View the offer in newly created tours.|True|
19|5|The tour you always wanted was made. View the offer in newly created tours.|True|
20|5|The tour you always wanted was made. View the offer in newly created tours.|True|
21|5|The tour you always wanted was made. View the offer in newly created tours.|True|
22|5|The tour you always wanted was made. View the offer in newly created tours.|True|
23|5|The tour you always wanted was made. View the offer in newly created tours.|True|
24|5|The tour you always wanted was made. View the offer in newly created tours.|True|
25|5|The tour you always wanted was made. View the offer in newly created tours.|True|
26|5|The tour you always wanted was made. View the offer in newly created tours.|True|
27|5|The tour you always wanted was made. View the offer in newly created tours.|True|
28|5|The tour you always wanted was made. View the offer in newly created tours.|True|
29|5|The tour you always wanted was made. View the offer in newly created tours.|True|
30|5|The tour you always wanted was made. View the offer in newly created tours.|True|
31|5|The tour you always wanted was made. View the offer in newly created tours.|True|
32|5|The tour you always wanted was made. View the offer in newly created tours.|True|
33|5|The tour you always wanted was made. View the offer in newly created tours.|True|
34|5|The tour you always wanted was made. View the offer in newly created tours.|True|
35|5|The tour you always wanted was made. View the offer in newly created tours.|True|
36|5|The tour you always wanted was made. View the offer in newly created tours.|True|
37|5|The tour you always wanted was made. View the offer in newly created tours.|True|
38|5|The tour you always wanted was made. View the offer in newly created tours.|True|
39|5|The tour you always wanted was made. View the offer in newly created tours.|True|
40|5|The tour you always wanted was made. View the offer in newly created tours.|True|
41|5|The tour you always wanted was made. View the offer in newly created tours.|True|
42|5|The tour you always wanted was made. View the offer in newly created tours.|True|
43|5|The tour you always wanted was made. View the offer in newly created tours.|True|
44|5|The tour you always wanted was made. View the offer in newly created tours.|True|
45|5|The tour you always wanted was made. View the offer in newly created tours.|True|
46|5|The tour you always wanted was made. View the offer in newly created tours.|True|
47|5|The tour you always wanted was made. View the offer in newly created tours.|True|
48|5|The tour you always wanted was made. View the offer in newly created tours.|True|
49|5|The tour you always wanted was made. View the offer in newly created tours.|True|
50|5|The tour you always wanted was made. View the offer in newly created tours.|True|
