0|0|https://media.timeout.com/images/105741308/image.jpg
1|0|https://efs-belgrade2022.org/wp-content/uploads/2022/02/Kalemegdan-by-night-1200x678.jpg
2|1|https://thumbs.dreamstime.com/z/small-town-urban-landscape-flat-design-style-vector-illustra-54132242.jpg
3|1|http://www.clipartbest.com/cliparts/ncB/MB6/ncBMB6xai.jpg
4|2|https://www.seekpng.com/png/full/200-2008833_street-clipart-transparent-small-town-clip-art.png
5|0|xxx
6|5|ASKOSADOD
7|5|Image
8|3|slika
9|4|SLIKA4
10|5|https://cdn.britannica.com/06/150806-050-6AE99C98/Proboscis-monkey.jpg
11|6|https://ssluzba.ftn.uns.ac.rs/ssluzbasp/
12|7|https://media.istockphoto.com/id/157430678/photo/three-potatoes.jpg?s=612x612&w=0&k=20&c=qkMoEgcj8ZvYbzDYEJEhbQ57v-nmkHS7e88q8dv7TSA=
13|8|https://media.istockphoto.com/id/157430678/photo/three-potatoes.jpg?s=612x612&w=0&k=20&c=qkMoEgcj8ZvYbzDYEJEhbQ57v-nmkHS7e88q8dv7TSA=
14|9|https://images.unsplash.com/photo-1528207776546-365bb710ee93?ixlib=rb-4.0.3&ixid=MnwxMjA3fDB8MHxzZWFyY2h8Mnx8cGFuY2FrZXN8ZW58MHx8MHx8&w=1000&q=80
15|10|https://twiki.cern.ch/twiki/pub/Sandbox/POTATO/bp-potato-or-potaNO-quiz.jpg
